{
  "project_info": {
    "project_number": "876851547131",
    "project_id": "tfg-stockmaster",
    "storage_bucket": "tfg-stockmaster.appspot.com"
  },
  "client": [
    {
      "client_info": {
        "mobilesdk_app_id": "1:876851547131:android:c5fd718d9c80307061995e",
        "android_client_info": {
          "package_name": "com.example.tfg_masterware"
        }
      },
      "oauth_client": [],
      "api_key": [
        {
          "current_key": "AIzaSyAWEcUA4NETLlPmajkC0mFHbrFtEblCQB4"
        }
      ],
      "services": {
        "appinvite_service": {
          "other_platform_oauth_client": []
        }
      }
    }
  ],
  "configuration_version": "1"
}